"Información actualizada al 31 de mayo de 2026; los listados a que se hace mención, son de carácter público, y pueden ser consultados en el Portal del SAT.",,,,,,,,,,,,,,,,,,,
Listado completo de contribuyentes (Artículo 69-B del CFF),,,,,,,,,,,,,,,,,,,
No,RFC,Nombre del Contribuyente,Situación del contribuyente,Número y fecha de oficio global de presunción SAT,Publicación página SAT presuntos,Número y fecha de oficio global de presunción DOF,Publicación DOF presuntos,Número y fecha de oficio global de contribuyentes que desvirtuaron SAT,Publicación página SAT desvirtuados,Número y fecha de oficio global de contribuyentes que desvirtuaron DOF,Publicación DOF desvirtuados,Número y fecha de oficio global de definitivos SAT,Publicación página SAT definitivos,Número y fecha de oficio global de definitivos DOF,Publicación DOF definitivos,Número y fecha de oficio global de sentencia favorable SAT,Publicación página SAT sentencia favorable,Número y fecha de oficio global de sentencia favorable DOF,Publicación DOF sentencia favorable
1,ÑAÑ140114GY4,"ÑEHAHA & ÑEAHAHA, S.A. DE C.V.",Definitivo,"500-05-2015-34025 de fecha 30 de octubre de 2015",01/03/2020,,,,,,,,,,,,,,
2,ÑEX121116KM4,"ÑOVEÑA EXPORTACION",Presunto,"500-05-2026-1000 de fecha 1 de enero de 2026",01/03/2020,,,,,,,,,,,,,,
3,XXXXXXXXXXXX,"Información suprimida en cumplimiento de la Ley Federal de Protección de Datos Personales",Definitivo,"500-05-2019-2000 de fecha 2 de febrero de 2019",01/03/2020,,,,,,,,,,,,,,
4,ABC,"RFC DEMASIADO CORTO",Presunto,"500-05-2026-3000 de fecha 3 de marzo de 2026",01/03/2020,,,,,,,,,,,,,,
5,,"SIN RFC",Presunto,"500-05-2026-4000 de fecha 4 de abril de 2026",01/03/2020,,,,,,,,,,,,,,
6,AAAA010101AAA,"PERSONA FISICA DE PRUEBA",Presunto,"500-05-2026-5000 de fecha 5 de mayo de 2026",01/03/2020,,,,,,,,,,,,,,
7,AAA-08 08 08.HL8,"CON GUIONES Y ESPACIOS",Definitivo,"500-05-2018-6000 de fecha 6 de junio de 2018",01/03/2020,,,,,,,,,,,,,,
